
{
   "allowSleep" : true,
   "autoClearForces" : true,
   "body" : 
   [
      
      {
         "angle" : 0,
         "angularVelocity" : 0,
         "awake" : true,
         "fixture" : 
         [
            
            {
               "chain" : 
               {
                  "vertices" : 
                  {
                     "x" : [ -0.50, 0.50 ],
                     "y" : [ 0.0, 0.0 ]
                  }
               },
               "density" : 1,
               "friction" : 0.2,
               "name" : "fixture0"
            }
         ],
         "linearVelocity" : 0,
         "name" : "body0",
         "position" : 
         {
            "x" : -0.004798889160156250,
            "y" : 0.02515220642089844
         },
         "type" : 0
      },
      
      {
         "angle" : 0,
         "angularVelocity" : 0,
         "awake" : true,
         "fixture" : 
         [
            
            {
               "circle" : 
               {
                  "center" : 0,
                  "radius" : 0.50
               },
               "density" : 1,
               "friction" : 0.2,
               "name" : "fixture2"
            }
         ],
         "linearVelocity" : 0,
         "massData-I" : 0.09817477315664291,
         "massData-mass" : 0.7853981852531433,
         "name" : "characterwheel",
         "position" : 
         {
            "x" : -0.01622772216796875,
            "y" : 0.7380390167236328
         },
         "type" : 2
      },
      
      {
         "angle" : -0.1585106104612351,
         "angularVelocity" : 0,
         "awake" : true,
         "fixedRotation" : true,
         "fixture" : 
         [
            
            {
               "density" : 1,
               "friction" : 0.2,
               "name" : "fixture1",
               "polygon" : 
               {
                  "vertices" : 
                  {
                     "x" : [ 0.50, 0.50, -0.50, -0.50 ],
                     "y" : [ -1.400000095367432, 0.50, 0.50, -1.400000095367432 ]
                  }
               }
            }
         ],
         "linearVelocity" : 0,
         "massData-I" : 0.3847500979900360,
         "massData-center" : 
         {
            "x" : 1.307118024929110e-010,
            "y" : -0.4500000476837158
         },
         "massData-mass" : 1.900000095367432,
         "name" : "chacterbody",
         "position" : 
         {
            "x" : -0.02308653667569161,
            "y" : 2.744674682617188
         },
         "type" : 2
      }
   ],
   "collisionbitplanes" : 
   {
      "names" : 
      [
         "bitplane1",
         "bitplane2",
         "bitplane3",
         "bitplane4",
         "bitplane5",
         "bitplane6",
         "bitplane7",
         "bitplane8",
         "bitplane9",
         "bitplane10",
         "bitplane11",
         "bitplane12",
         "bitplane13",
         "bitplane14",
         "bitplane15",
         "bitplane16",
         "bitplane17",
         "bitplane18",
         "bitplane19",
         "bitplane20",
         "bitplane21",
         "bitplane22",
         "bitplane23",
         "bitplane24",
         "bitplane25",
         "bitplane26",
         "bitplane27",
         "bitplane28",
         "bitplane29",
         "bitplane30",
         "bitplane31",
         "bitplane32"
      ]
   },
   "continuousPhysics" : true,
   "gravity" : 
   {
      "x" : 0,
      "y" : -10.0
   },
   "image" : 
   [
      
      {
         "body" : 2,
         "center" : 
         {
            "x" : -0.002021789550781250,
            "y" : -0.007106781005859375
         },
         "corners" : 
         {
            "x" : 
            [
               -0.5020217895507813,
               0.4979782104492188,
               0.4979782104492188,
               -0.5020217895507813
            ],
            "y" : 
            [
               -0.5071067810058594,
               -0.5071067810058594,
               0.4928932189941406,
               0.4928932189941406
            ]
         },
         "file" : "C:/Utilities/Box2d/rube-win32-1.3.1/sampleScenes/images/crate.png",
         "filter" : 1,
         "glDrawElements" : [ 0, 1, 2, 2, 3, 0 ],
         "glTexCoordPointer" : [ 0.0, 0.0, 1.0, 0.0, 1.0, 1.0, 0.0, 1.0 ],
         "glVertexPointer" : 
         [
            -0.5020217895507813,
            -0.5071067810058594,
            0.4979782104492188,
            -0.5071067810058594,
            0.4979782104492188,
            0.4928932189941406,
            -0.5020217895507813,
            0.4928932189941406
         ],
         "name" : "image0",
         "opacity" : 0.50,
         "scale" : 1
      },
      
      {
         "body" : 2,
         "center" : 
         {
            "x" : 0.000221252441406250,
            "y" : -0.9007873535156250
         },
         "corners" : 
         {
            "x" : 
            [
               -0.4997787475585938,
               0.5002212524414063,
               0.5002212524414063,
               -0.4997787475585938
            ],
            "y" : 
            [
               -1.400787353515625,
               -1.400787353515625,
               -0.4007873535156250,
               -0.4007873535156250
            ]
         },
         "file" : "C:/Utilities/Box2d/rube-win32-1.3.1/sampleScenes/images/crate.png",
         "filter" : 1,
         "glDrawElements" : [ 0, 1, 2, 2, 3, 0 ],
         "glTexCoordPointer" : [ 0.0, 0.0, 1.0, 0.0, 1.0, 1.0, 0.0, 1.0 ],
         "glVertexPointer" : 
         [
            -0.4997787475585938,
            -1.400787353515625,
            0.5002212524414063,
            -1.400787353515625,
            0.5002212524414063,
            -0.4007873535156250,
            -0.4997787475585938,
            -0.4007873535156250
         ],
         "name" : "image0",
         "opacity" : 0.50,
         "scale" : 1
      },
      
      {
         "body" : 1,
         "center" : 
         {
            "x" : 3.051757812500000e-005,
            "y" : 3.623962402343750e-005
         },
         "corners" : 
         {
            "x" : 
            [
               -0.4897654056549072,
               0.4898264408111572,
               0.4898264408111572,
               -0.4897654056549072
            ],
            "y" : 
            [
               -0.4999637603759766,
               -0.4999637603759766,
               0.5000362396240234,
               0.5000362396240234
            ]
         },
         "file" : "C:/Utilities/Box2d/rube-win32-1.3.1/sampleScenes/images/bikerearwheel.png",
         "filter" : 1,
         "glDrawElements" : [ 0, 1, 2, 2, 3, 0 ],
         "glTexCoordPointer" : [ 0.0, 0.0, 1.0, 0.0, 1.0, 1.0, 0.0, 1.0 ],
         "glVertexPointer" : 
         [
            -0.4897654056549072,
            -0.4999637603759766,
            0.4898264408111572,
            -0.4999637603759766,
            0.4898264408111572,
            0.5000362396240234,
            -0.4897654056549072,
            0.5000362396240234
         ],
         "name" : "image1",
         "opacity" : 0.50,
         "scale" : 1
      }
   ],
   "joint" : 
   [
      
      {
         "anchorA" : 
         {
            "x" : 0.006889360025525093,
            "y" : -2.006599426269531
         },
         "anchorB" : 
         {
            "x" : 3.051757812500000e-005,
            "y" : 3.623962402343750e-005
         },
         "bodyA" : 2,
         "bodyB" : 1,
         "enableMotor" : false,
         "localAxisA" : 
         {
            "x" : 0,
            "y" : 1
         },
         "maxMotorTorque" : 0,
         "motorSpeed" : 0,
         "name" : "joint0",
         "springDampingRatio" : 0.6999999880790710,
         "springFrequency" : 4.0,
         "type" : "wheel"
      }
   ],
   "positionIterations" : 3,
   "stepsPerSecond" : 60.0,
   "subStepping" : false,
   "velocityIterations" : 8,
   "warmStarting" : true
}
